"subjects","model"
6200,"biased"
6201,"LTM"
6202,"biased"
6204,"LTM"
6205,"LTM"
6206,"biased"
6207,"LTM"
6209,"biased"
6210,"LTM"
6211,"LTM"
6213,"biased"
6214,"biased"
6215,"LTM"
6216,"LTM"
6217,"LTM"
6218,"biased"
6219,"LTM"
6220,"LTM"
6223,"meta_RL"
6225,"LTM"
6226,"LTM"
6230,"biased"
6231,"LTM"
6234,"LTM"
6235,"biased"
6238,"LTM"
6241,"meta_RL"
6242,"meta_RL"
6244,"biased"
6245,"LTM"
6246,"LTM"
6247,"biased"
6250,"LTM"
6253,"LTM"
6256,"LTM"
15000,"LTM"
15001,"LTM"
15002,"biased"
15003,"LTM"
15004,"meta_RL"
15005,"biased"
15006,"LTM"
15007,"LTM"
15008,"LTM"
15009,"meta_RL"
15010,"LTM"
15011,"LTM"
15012,"LTM"
15013,"LTM"
15014,"LTM"
15015,"meta_RL"
15016,"RL"
15017,"biased"
15019,"meta_RL"
15020,"LTM"
15021,"meta_RL"
15022,"meta_RL"
15023,"LTM"
28215,"biased"
28241,"LTM"
28242,"LTM"
28243,"LTM"
28284,"LTM"
28303,"LTM"
28306,"LTM"
28307,"LTM"
28308,"LTM"
28309,"LTM"
28325,"biased"
28326,"LTM"
28327,"LTM"
28328,"LTM"
28329,"LTM"
28330,"LTM"
28331,"LTM"
29220,"LTM"
29221,"biased"
29227,"LTM"
29239,"meta_RL"
29240,"LTM"
29245,"LTM"
29305,"biased"
29318,"LTM"
